sum_ws,sum_vorp,wavg_per,wavg_ts,wavg_age,wavg_bpm,top2_vorp,top3_vorp,top2_ws,top3_ws,num_players,total_minutes,count_PG,count_SG,count_SF,count_PF,count_C,count_UNK,TEAM_NAME,season,won_championship
41.9,10.4,15.333976619038783,0.5338371992330055,27.937898187666235,0.6544999072184079,5.5,7.3,13.2,19.2,16,16167,3,3,4,2,4,0,Atlanta Hawks,2011-12,0
38.7,10.299999999999999,14.28377564464521,0.532682978856892,29.313319530710835,0.5570863918690007,6.1,8.2,13.9,18.8,17,15939,3,4,2,2,6,0,Boston Celtics,2011-12,0
3.3999999999999995,-6.2,12.178392497482378,0.48059069738167165,24.53637965760322,-3.5392308660624368,0.8,0.7000000000000001,3.3,4.1,16,15888,3,2,4,4,3,0,Charlotte Hornets,2011-12,0
52.49999999999999,15.6,16.134563021519543,0.5238495514147689,27.092038396386222,1.8851245372984504,5.699999999999999,7.999999999999999,16.6,22.6,14,15939,4,4,1,3,2,0,Chicago Bulls,2011-12,0
18.4,0.7,13.410083928347738,0.5025137792809721,26.027182763372164,-1.7866340974570964,3.3,3.9,7.199999999999999,9.6,21,15966,5,4,4,4,4,0,Cleveland Cavaliers,2011-12,0
35.6,9.9,15.077570966135458,0.5249330179282868,31.25230328685259,0.4891932270916335,4.7,5.9,11.399999999999999,15.099999999999998,16,16064,3,4,3,2,4,0,Dallas Mavericks,2011-12,0
39.6,10.7,16.222911471321698,0.5572109725685785,26.64058603491272,0.6856546134663342,4.1,5.199999999999999,12.2,16.799999999999997,17,16040,1,4,4,3,5,0,Denver Nuggets,2011-12,0
23.099999999999998,2.7000000000000006,13.62008142812402,0.5023150015659256,26.348261822737232,-1.351418728468525,3.7,4.4,11.5,14.8,14,15965,3,2,3,3,3,0,Detroit Pistons,2011-12,0
25.900000000000002,5.6,15.190355010995917,0.5400557335846685,25.340496387056234,-0.6391014765944077,2.8,4.0,8.5,11.9,20,15915,4,2,4,3,7,0,Golden State Warriors,2011-12,0
34.900000000000006,8.799999999999999,15.05846872082166,0.5290943666355432,26.20161842514783,0.19884842826019306,4.0,5.3,10.0,14.1,19,16065,5,3,2,4,5,0,Houston Rockets,2011-12,0
41.400000000000006,10.799999999999999,15.477762491401416,0.5241401413294978,26.25520605340504,0.6697267212807206,5.2,7.0,12.9,18.9,15,15991,3,3,2,3,4,0,Indiana Pacers,2011-12,0
40.3,10.799999999999999,15.972554177627458,0.5283499311035951,27.269134410622573,0.7487536014029811,9.5,10.4,21.9,27.5,18,15966,3,5,3,5,2,0,Los Angeles Clippers,2011-12,0
37.1,10.0,15.448306983692268,0.5278847255072825,29.70247728121499,0.5058010705838416,6.199999999999999,8.799999999999999,16.3,22.5,17,16066,4,4,4,3,2,0,Los Angeles Lakers,2011-12,0
38.3,10.399999999999999,15.279987452948557,0.516030112923463,25.551944792973654,0.6026160602258469,5.5,7.9,14.6,20.6,17,15940,5,2,3,4,3,0,Memphis Grizzlies,2011-12,0
48.099999999999994,13.799999999999999,15.926267223642371,0.5424664879356569,28.271213916079557,1.440806783465303,11.6,13.0,22.2,29.1,16,16039,2,4,2,4,4,0,Miami Heat,2011-12,1
33.0,7.9,15.244992752253104,0.5196274027856559,26.231486733471986,-0.04620911325392316,4.4,5.7,11.9,16.3,17,15867,1,4,4,5,3,0,Milwaukee Bucks,2011-12,0
28.500000000000004,6.6,14.453588006523646,0.5183185296700539,24.420210764019572,-0.4018943670806675,5.0,6.0,14.5,17.8,15,15942,2,3,4,3,3,0,Minnesota Timberwolves,2011-12,0
21.1,1.8000000000000003,13.993316130656428,0.5104170809994335,26.127446661212158,-1.5713323683051168,2.8000000000000003,3.3000000000000003,9.399999999999999,11.499999999999998,22,15889,4,3,8,2,5,0,New Jersey Nets,2011-12,0
26.000000000000004,4.700000000000001,14.053782936010037,0.5164872647427855,25.492659974905894,-0.7732120451693851,2.5999999999999996,3.6999999999999997,7.0,9.9,22,15940,5,4,3,4,6,0,New Orleans Hornets,2011-12,0
39.800000000000004,10.8,14.752813852813855,0.5397312252964427,26.258987389422167,0.6391304347826087,4.9,6.5,15.7,19.799999999999997,17,15939,5,3,2,4,3,0,New York Knicks,2011-12,0
46.9,14.499999999999998,16.60737915077231,0.5610799199549747,25.099806140954286,1.5499593521355763,8.9,11.9,21.5,29.4,16,15991,4,4,2,3,3,0,Oklahoma City Thunder,2011-12,0
35.1,8.7,14.753422684286338,0.5305671697876871,27.52959228408593,0.1517129078724868,6.3,7.6,16.6,21.8,16,15967,4,3,3,5,1,0,Orlando Magic,2011-12,0
42.89999999999999,11.5,15.70772178939432,0.5103363282231717,24.870382005529024,0.9087396330736366,5.8,7.6,13.6,19.7,16,15916,2,2,4,3,5,0,Philadelphia 76ers,2011-12,0
32.50000000000001,8.5,15.400284090909091,0.5375357323232323,28.871780303030306,0.11577651515151499,5.0,6.7,13.5,18.6,13,15840,3,3,2,3,2,0,Phoenix Suns,2011-12,0
31.3,7.800000000000001,15.19349282895973,0.5254374647710905,27.45493831026492,-0.044955220141541956,4.5,5.8,11.8,16.6,18,15967,5,2,3,3,5,0,Portland Trail Blazers,2011-12,0
22.099999999999998,3.1999999999999997,14.796506220937538,0.5071340957647354,24.27912529847933,-1.2175380168405177,2.5999999999999996,3.3999999999999995,8.5,12.4,15,15914,2,3,4,3,3,0,Sacramento Kings,2011-12,0
48.50000000000001,15.000000000000002,16.880577164366372,0.5639995608531994,27.522961104140524,1.6999309912170637,4.5,6.6,13.0,18.5,21,15940,5,4,3,6,3,0,San Antonio Spurs,2011-12,0
27.199999999999992,4.4,13.525621594538737,0.5185201979081856,25.74779232166343,-0.9002129391870732,3.0,3.8,9.1,13.0,18,15967,5,3,4,2,4,0,Toronto Raptors,2011-12,0
35.300000000000004,8.900000000000002,15.799461833477672,0.5237701967091426,25.64858344674007,0.19378324879376485,6.1,7.8999999999999995,15.3,20.200000000000003,15,16166,4,3,4,2,2,0,Utah Jazz,2011-12,0
22.599999999999998,2.6,14.088762132862726,0.5100237615025841,24.181457204084207,-1.3348165889323078,2.2,2.7,6.5,9.3,21,15866,2,4,5,5,5,0,Washington Wizards,2011-12,0
43.1,9.9,14.94119572882039,0.5483883852120479,27.08023572076156,-0.04668580638662232,5.2,7.4,15.200000000000001,21.3,18,19854,3,5,3,3,4,0,Atlanta Hawks,2012-13,0
41.599999999999994,9.3,14.400498916494483,0.5441685733004081,29.149725343950006,-0.14373330645567706,5.9,7.4,12.8,17.5,20,19843,3,3,3,6,5,0,Boston Celtics,2012-13,0
47.5,11.7,15.449083308149492,0.5296332728921124,28.58230079580941,0.35193915583761454,7.2,8.8,19.9,25.0,17,19854,3,3,6,3,2,0,Brooklyn Nets,2012-13,0
17.700000000000003,-1.8000000000000003,13.773244130270136,0.5013350164099974,24.353395607169904,-2.336475637465287,3.0999999999999996,3.5999999999999996,8.1,11.0,18,19805,2,5,3,5,3,0,Charlotte Hornets,2012-13,0
42.80000000000001,10.1,14.302400282386163,0.5121935353739097,28.046946699611716,0.0589531541525894,5.8,7.9,14.3,20.6,15,19831,3,3,2,5,2,0,Chicago Bulls,2012-13,0
28.599999999999998,3.9,14.099477952356818,0.5092816016218956,24.053066396350733,-1.202072985301571,4.3,5.4,10.5,13.8,19,19730,4,4,3,3,5,0,Cleveland Cavaliers,2012-13,0
39.5,10.000000000000002,15.230445445445447,0.5406946946946946,29.54834834834835,-0.015680680680680688,4.800000000000001,6.9,11.6,16.9,23,19980,7,5,3,3,5,0,Dallas Mavericks,2012-13,0
54.900000000000006,16.400000000000002,16.685220536521648,0.5510474228875717,26.133326635185373,1.25875615392344,6.1,8.6,15.2,22.4,15,19906,3,2,3,4,3,0,Denver Nuggets,2012-13,0
30.5,4.7,14.195127739068969,0.5226725234777341,25.320508936685854,-1.0766232454811673,4.0,5.0,10.4,13.4,16,19806,3,3,4,3,3,0,Detroit Pistons,2012-13,0
45.0,11.7,14.834191659093204,0.5351825709380995,25.328890235282238,0.3624709683934162,8.399999999999999,9.799999999999999,20.299999999999997,26.499999999999996,16,19806,1,4,4,3,4,0,Golden State Warriors,2012-13,0
49.900000000000006,14.600000000000001,15.559228552651533,0.5623317324705527,24.44820787624488,0.8896567413174258,8.6,10.1,19.8,25.3,20,19781,5,3,3,5,4,0,Houston Rockets,2012-13,0
53.599999999999994,13.7,14.66783052577846,0.5203196528841245,25.653956100051047,0.761694742215416,8.100000000000001,11.600000000000001,18.799999999999997,27.799999999999997,16,19590,3,3,4,3,3,0,Indiana Pacers,2012-13,0
59.10000000000001,18.100000000000005,16.679401926001013,0.5530070957932083,28.754789660415614,1.6015610745058286,10.4,12.600000000000001,24.5,30.8,15,19730,3,3,3,3,3,0,Los Angeles Clippers,2012-13,0
45.4,12.0,15.410082502404212,0.5444707698537228,30.71903629093486,0.4438173811813535,6.8,8.5,18.5,23.1,16,19757,4,4,2,4,2,0,Los Angeles Lakers,2012-13,0
53.9,15.6,15.069460291816025,0.5162811632251224,26.989751098096633,1.1045387994143485,9.7,11.2,21.4,29.299999999999997,20,19807,4,3,5,4,4,0,Memphis Grizzlies,2012-13,0
64.5,18.8,17.149962275539462,0.5807165635531412,30.2531562798652,1.735767818520195,13.7,15.799999999999999,28.9,37.9,18,19881,2,3,3,5,5,0,Miami Heat,2012-13,1
38.199999999999996,8.000000000000002,14.786458543473875,0.5096886221504944,26.40972362315917,-0.42559007464192045,4.300000000000001,6.300000000000001,12.7,18.5,18,19828,2,4,4,2,6,0,Milwaukee Bucks,2012-13,0
35.4,7.699999999999999,14.378398378104407,0.517994728839331,26.411454637607708,-0.450658895083629,4.2,5.4,12.7,17.0,19,19730,3,4,5,4,3,0,Minnesota Timberwolves,2012-13,0
31.999999999999993,6.300000000000001,14.704104741684361,0.5245396319886766,24.019411586290566,-0.7287887978970782,4.6,6.0,12.6,18.2,19,19782,3,4,5,4,3,0,New Orleans Hornets,2012-13,0
53.1,14.900000000000002,16.13925802037403,0.5537125335766053,30.207693477269267,0.9961076478637676,6.6,8.8,18.8,25.5,19,19731,2,3,4,6,4,0,New York Knicks,2012-13,0
67.69999999999999,21.0,17.2873027078816,0.5760726640108921,26.03716403610509,2.175931622207655,13.5,16.0,30.5,39.9,16,19831,3,4,4,1,4,0,Oklahoma City Thunder,2012-13,0
23.0,0.9999999999999994,13.723024419839223,0.5126488194549775,24.615096819859446,-1.7858284038626826,1.8,2.3,8.9,11.3,18,19779,3,3,4,4,4,0,Orlando Magic,2012-13,0
32.8,6.000000000000001,14.216304732978992,0.5101591495823843,25.236902050113898,-0.820364464692483,4.2,6.1,12.3,16.8,17,19755,3,7,2,2,3,0,Philadelphia 76ers,2012-13,0
24.6,3.2,13.730694269123958,0.5138595809139106,26.86099469830851,-1.3496642262055036,3.7,4.5,10.5,14.9,16,19805,4,2,4,2,4,0,Phoenix Suns,2012-13,0
32.400000000000006,6.699999999999999,14.502180591227278,0.5326480334390896,24.412398650350006,-0.6316462708364807,5.699999999999999,7.499999999999999,14.100000000000001,19.900000000000002,15,19857,3,4,2,4,2,0,Portland Trail Blazers,2012-13,0
28.1,5.1000000000000005,14.668725732439109,0.5274763753718925,25.63002370026726,-1.0184004840905654,3.2,4.4,9.4,13.8,17,19831,3,4,4,3,3,0,Sacramento Kings,2012-13,0
57.7,18.1,16.174572434607647,0.5704488933601609,28.59592555331992,1.5795422535211268,6.9,9.600000000000001,17.6,25.8,16,19880,3,4,3,4,2,0,San Antonio Spurs,2012-13,0
37.6,8.0,14.547780169177635,0.5364903148305721,25.361279343310475,-0.42501626708043455,4.3,6.1,12.899999999999999,17.599999999999998,18,19979,4,2,6,3,3,0,Toronto Raptors,2012-13,0
40.800000000000004,10.6,15.37754137115839,0.5273110004526934,26.281374176349274,0.11603541069362719,5.6,7.699999999999999,15.3,20.700000000000003,14,19881,3,3,3,3,2,0,Utah Jazz,2012-13,0
34.5,6.9,13.338764101531023,0.5102544822723609,25.350926672038682,-0.666246978243352,4.0,5.6,10.8,15.3,19,19856,5,3,3,4,4,0,Washington Wizards,2012-13,0
39.9,8.8,14.816529675760174,0.5571899551207706,27.479098381322174,-0.19015178256265444,4.9,6.5,12.600000000000001,18.400000000000002,18,19831,4,3,3,3,5,0,Atlanta Hawks,2013-14,0
30.2,4.300000000000001,13.661557177615574,0.5155464821573398,25.430961070559608,-1.1946725466342254,1.8,2.3,9.2,13.1,19,19728,4,6,3,3,3,0,Boston Celtics,2013-14,0
38.6,8.000000000000004,14.819024144869216,0.5525116700201207,30.026458752515087,-0.40708249496981885,3.5999999999999996,5.0,10.600000000000001,15.500000000000002,19,19880,5,3,4,3,4,0,Brooklyn Nets,2013-14,0
41.6,8.799999999999999,14.437010801306204,0.5279635769907058,25.45290128108515,-0.2088872142677719,5.4,7.7,14.3,19.4,19,19905,4,3,4,4,4,0,Charlotte Hornets,2013-14,0
48.19999999999999,11.600000000000001,14.105930460087302,0.5164746876724701,28.622447443680695,0.32829260950278455,7.2,9.0,18.299999999999997,24.799999999999997,20,19931,4,4,5,4,3,0,Chicago Bulls,2013-14,0
34.1,5.4,14.11486127138628,0.5175615373036977,24.8601675781446,-0.9136520997441172,4.9,6.0,12.4,17.8,21,19931,3,5,4,4,5,0,Cleveland Cavaliers,2013-14,0
48.300000000000004,14.0,16.49323281730624,0.5636994100146235,30.64152085119258,0.7772074025515606,7.1,8.7,17.2,22.299999999999997,15,19831,4,4,2,2,3,0,Dallas Mavericks,2013-14,0
36.5,8.100000000000001,14.562593023844478,0.5349121652407229,26.014326937680355,-0.3557738065104036,4.1,5.699999999999999,12.8,17.4,16,19753,3,3,3,5,2,0,Denver Nuggets,2013-14,0
32.00000000000001,5.1,14.994398098993882,0.5197848728449365,24.677536781434856,-0.9919207240002024,3.6999999999999997,5.1,15.8,20.200000000000003,15,19779,2,4,3,4,2,0,Detroit Pistons,2013-14,0
53.9,16.0,15.289475542107917,0.5472297024710033,26.274432677760963,1.2351084215834591,8.9,11.100000000000001,21.0,27.7,18,19830,3,5,3,2,5,0,Golden State Warriors,2013-14,0
54.70000000000001,15.5,16.156828727052655,0.5644708997377446,25.36791406092395,1.1006707686100463,7.9,10.2,20.8,28.4,18,19828,4,2,5,4,3,0,Houston Rockets,2013-14,0
53.6,14.200000000000001,14.430682507583418,0.5349271486349848,27.206521739130437,0.8600960566228515,7.9,10.2,18.9,26.7,17,19780,2,4,5,3,3,0,Indiana Pacers,2013-14,0
59.1,18.5,16.571705563711845,0.5680764947096644,28.11436237533539,1.719961524831671,10.5,13.8,24.4,35.5,20,19753,4,4,6,4,2,0,Los Angeles Clippers,2013-14,0
24.200000000000003,4.300000000000001,14.272869829992386,0.5389885308297386,26.75310834813499,-1.1520020299416391,2.7,3.4000000000000004,8.9,11.9,19,19705,4,6,3,3,3,0,Los Angeles Lakers,2013-14,0
46.1,12.8,15.372178742741735,0.5285437010855845,28.45352183791972,0.5426255995960617,6.1,7.699999999999999,14.6,20.2,18,19805,4,6,3,3,2,0,Memphis Grizzlies,2013-14,0
54.6,15.500000000000002,16.555878062276772,0.5803699381256602,30.602394486644197,1.0747270989486393,10.100000000000001,11.900000000000002,23.9,29.9,18,19879,3,4,4,2,5,0,Miami Heat,2013-14,0
20.8,-0.7000000000000001,13.681710261569414,0.516367152917505,24.663832997987928,-2.1321830985915495,1.6,2.0,6.1,8.8,19,19880,4,3,5,4,3,0,Milwaukee Bucks,2013-14,0
47.0,13.400000000000002,15.658705615713924,0.5280696549987409,26.294535381515992,0.6737345756736338,9.8,11.100000000000001,20.200000000000003,26.1,17,19855,2,5,3,4,3,0,Minnesota Timberwolves,2013-14,0
36.0,7.800000000000001,15.549262150591789,0.5374320825988417,24.324502644170234,-0.422437673130194,5.3,6.1,13.5,16.6,21,19855,3,2,6,6,4,0,New Orleans Pelicans,2013-14,0
39.3,8.700000000000001,15.218418534374212,0.5416752958952405,28.294837572399903,-0.2747720977083859,6.4,7.300000000000001,15.6,19.4,18,19855,4,4,2,3,5,0,New York Knicks,2013-14,0
59.4,17.9,16.296808725509997,0.5548709856594627,26.233437689355686,1.592036962229852,12.3,14.8,28.799999999999997,34.0,18,19804,3,5,4,3,3,0,Oklahoma City Thunder,2013-14,0
28.2,2.9000000000000004,13.762094713104485,0.522349586569782,24.561012277624656,-1.4207567025808068,2.1,2.9000000000000004,9.7,13.799999999999999,16,19955,2,4,2,5,3,0,Orlando Magic,2013-14,0
15.7,-2.1000000000000005,12.895522538403423,0.5139112566104257,23.42503147821707,-2.434177788970033,2.2,3.1,6.1,8.1,23,19855,6,3,4,5,5,0,Philadelphia 76ers,2013-14,0
48.7,13.600000000000001,15.669854206742936,0.5524729168775943,26.22086665991698,0.7543991090412068,6.0,7.9,16.700000000000003,22.800000000000004,15,19754,3,3,3,3,3,0,Phoenix Suns,2013-14,0
51.40000000000001,15.000000000000004,15.862830521279273,0.5518495089398138,25.839637370939307,1.0231478217073782,7.9,10.600000000000001,19.1,27.3,15,19855,3,4,3,2,3,0,Portland Trail Blazers,2013-14,0
34.9,7.5,14.356979324256177,0.5224175995965709,24.881996974281392,-0.5044024205748864,7.4,9.4,15.600000000000001,20.1,23,19830,3,5,6,5,4,0,Sacramento Kings,2013-14,0
60.00000000000001,19.6,16.475726435152374,0.5722522527083121,28.906955553305657,1.8920421180520397,6.4,8.8,15.100000000000001,21.0,19,19754,2,5,5,4,3,0,San Antonio Spurs,2013-14,1
51.9,13.400000000000002,15.009350571256766,0.5449277410302664,25.61279815594307,0.6444978953698135,7.6,9.1,20.5,27.2,20,19956,4,4,5,4,3,0,Toronto Raptors,2013-14,0
21.9,1.8999999999999995,13.961776452151051,0.5208862039330671,24.531975127647744,-1.5685556847479905,3.2,4.1000000000000005,8.7,11.899999999999999,17,19781,4,3,3,4,3,0,Utah Jazz,2013-14,0
45.300000000000004,10.7,14.959192221391174,0.5400786836200449,26.252206432311144,0.12354525056095736,6.6,8.4,16.1,24.0,17,20055,2,4,4,4,3,0,Washington Wizards,2013-14,0
54.900000000000006,16.0,16.273672207581594,0.5672021589296574,27.752787350496654,1.1666379485100344,6.9,9.9,17.0,24.7,16,19732,3,3,3,4,3,0,Atlanta Hawks,2014-15,0
40.99999999999999,9.5,14.538244466800805,0.5185535211267606,24.97077464788732,-0.13681086519114688,2.5,3.5,11.8,15.8,22,19880,5,4,5,6,2,0,Boston Celtics,2014-15,0
33.599999999999994,6.300000000000001,14.583340024086711,0.5279772179847451,28.58164391810518,-0.7265656362906464,2.9000000000000004,4.1000000000000005,11.8,15.9,19,19928,4,4,2,6,3,0,Brooklyn Nets,2014-15,0
50.49999999999999,13.599999999999998,15.548644434384586,0.5329804838790804,28.811578894421814,0.7051355565615413,7.9,10.0,21.6,27.3,14,19881,2,3,3,4,2,0,Chicago Bulls,2014-15,0
34.1,5.3999999999999995,13.7175332830947,0.5016217533283095,26.023360964581762,-0.9015423260487315,4.1,5.1,9.2,13.5,17,19905,4,5,2,3,3,0,Charlotte Hornets,2014-15,0
52.99999999999999,15.200000000000001,16.149026745538198,0.5504224682744324,26.94221143637191,1.0261034430456546,9.9,12.9,20.8,29.5,20,19779,3,5,4,3,5,0,Cleveland Cavaliers,2014-15,0
48.4,14.1,16.11241889240984,0.5587585634525427,29.872139228409033,0.8011719732407828,5.1,7.1,17.5,23.0,19,19881,5,2,4,6,2,0,Dallas Mavericks,2014-15,0
32.3,6.3,14.270952165384035,0.5174250289220864,26.3944972586892,-0.7732609023690962,4.4,5.4,12.6,16.5,20,19881,4,6,3,2,5,0,Denver Nuggets,2014-15,0
38.9,8.4,14.917793917385383,0.5177460029253039,25.86059413930499,-0.29353911333030713,3.7,4.9,14.5,17.8,20,19827,5,2,6,5,2,0,Detroit Pistons,2014-15,0
66.80000000000001,21.300000000000004,17.22553471870248,0.5636189559047134,26.633451596553474,2.265489102889002,11.9,15.4,24.5,33.0,15,19730,2,4,2,3,4,0,Golden State Warriors,2014-15,1
50.9,14.5,15.076620884669763,0.5409834881842054,27.613461926883453,0.9104726317915571,10.3,11.3,23.0,27.7,20,19804,3,6,4,4,3,0,Houston Rockets,2014-15,0
42.400000000000006,9.8,14.115950642155628,0.5235614202971544,28.34535381515991,-0.029765802064971092,4.0,5.3,9.8,14.100000000000001,16,19855,5,1,4,3,3,0,Indiana Pacers,2014-15,0
58.7,18.099999999999994,16.85500760263558,0.5676765838824125,28.79462747085656,1.5986264571718196,10.8,14.3,28.900000000000002,37.900000000000006,20,19730,3,7,5,4,1,0,Los Angeles Clippers,2014-15,0
24.599999999999998,2.8999999999999995,14.244651816174995,0.5142691651615493,26.98334336744933,-1.49067830624122,2.4000000000000004,3.2,9.0,11.4,18,19932,4,5,2,4,3,0,Los Angeles Lakers,2014-15,0
49.70000000000001,14.3,15.426673030546624,0.005290890775723473,29.617112138263664,0.8758540996784566,7.5,9.4,17.4,24.2,19,19904,4,6,2,5,2,0,Memphis Grizzlies,2014-15,0
35.9,6.300000000000002,14.525790593959051,0.539456618690452,28.524630042570447,-0.7362710318264749,3.9000000000000004,5.2,10.7,14.299999999999999,21,19732,4,5,5,3,4,0,Miami Heat,2014-15,0
43.9,10.100000000000001,14.474895880375332,0.5356726378644188,24.64519042601234,0.004420693461789332,4.1,5.3,12.9,17.3,20,19929,7,3,2,4,4,0,Milwaukee Bucks,2014-15,0
19.1,0.19999999999999973,14.097298798343935,0.5171249116429365,24.411592446733316,-1.9338533777643139,1.7999999999999998,2.4,7.0,9.0,25,19806,4,6,4,5,6,0,Minnesota Timberwolves,2014-15,0
44.0,11.600000000000001,15.999388332827824,0.5339828126579719,25.25786068142756,0.3436052977454254,8.9,10.5,19.0,23.6,21,19782,6,5,4,3,3,0,New Orleans Pelicans,2014-15,0
17.500000000000004,-1.1999999999999997,13.108632586250314,0.5062213044573156,26.940770586753963,-2.295180055401662,2.5,3.1,5.1,7.3,20,19855,4,5,3,4,4,0,New York Knicks,2014-15,0
47.19999999999999,12.9,15.426573215006051,0.5253422751109318,25.426734570391286,0.5825030254134732,8.6,10.299999999999999,16.3,21.9,21,19832,5,4,4,5,3,0,Oklahoma City Thunder,2014-15,0
27.200000000000006,3.2,13.907815742849913,0.5211737281700836,24.25704884839281,-1.3722348772462671,3.3,4.4,11.8,15.3,15,19755,2,5,2,4,2,0,Orlando Magic,2014-15,0
19.1,-0.5999999999999999,12.275093424906576,0.4938825876174123,23.192556307443695,-2.1155135844864157,2.3,2.5999999999999996,8.0,10.6,25,19802,6,5,5,6,3,0,Philadelphia 76ers,2014-15,0
39.900000000000006,9.900000000000002,14.908355551084059,0.5369734896121535,25.70934151617284,-0.007082851250062918,4.3,5.699999999999999,11.9,16.5,23,19879,6,6,3,5,3,0,Phoenix Suns,2014-15,0
51.900000000000006,15.5,15.590708098307818,0.5425339443996777,27.01762691377921,1.0837328767123287,8.0,10.6,19.2,25.4,18,19856,3,5,4,2,4,0,Portland Trail Blazers,2014-15,0
32.8,6.1,14.390717703349283,0.5379839335180056,26.043666582724754,-0.7466280533870562,6.1,7.699999999999999,12.1,15.899999999999999,19,19855,5,2,2,7,3,0,Sacramento Kings,2014-15,0
57.800000000000004,17.9,16.217649711851667,0.5555656727637184,29.761312954146828,1.5176046103733398,8.1,11.899999999999999,18.2,26.0,17,19955,3,3,4,4,3,0,San Antonio Spurs,2014-15,0
50.599999999999994,13.1,16.17071770334928,0.5587136237723495,26.084059430873836,0.6292520775623269,5.5,7.8,15.299999999999999,21.9,15,19855,2,2,3,4,4,0,Toronto Raptors,2014-15,0
44.3,10.6,15.182623699568637,0.5320694747526009,23.368789647297636,0.1512560263892411,7.4,10.0,18.0,26.3,22,19705,4,6,5,4,3,0,Utah Jazz,2014-15,0
45.4,10.3,14.674969933854479,0.5351615053116856,28.55587292042493,0.07198336339947894,6.1,7.8,16.4,21.9,18,19956,3,5,4,4,2,0,Washington Wizards,2014-15,0
50.10000000000001,14.0,15.108053048257778,0.553526145933135,28.180676718269375,0.769219908224497,8.0,9.9,19.5,25.4,17,19831,4,4,2,3,4,0,Atlanta Hawks,2015-16,0
48.7,13.1,14.968326592517695,0.529158695652174,25.24251769464105,0.6243731041456015,6.7,8.1,17.0,22.9,16,19780,3,4,2,5,2,0,Boston Celtics,2015-16,0
22.699999999999996,1.3,14.210523385300668,0.525063929945333,26.927161368698115,-1.7278700141729095,3.3,3.6999999999999997,10.3,12.3,17,19756,3,3,4,3,4,0,Brooklyn Nets,2015-16,0
37.900000000000006,8.7,14.550653069426303,0.5258869687531398,27.636089621219732,-0.26462875514920103,7.9,9.4,16.2,21.6,16,19906,3,3,3,3,4,0,Chicago Bulls,2015-16,0
49.49999999999999,12.5,15.394666330899016,0.5455482749937043,26.02019642407454,0.5592193402165703,7.0,9.0,17.7,24.0,17,19855,3,5,3,3,3,0,Charlotte Hornets,2015-16,0
58.199999999999996,16.6,15.796081196796454,0.5561479373394449,28.14818919055055,1.3040094696015714,10.8,12.600000000000001,22.299999999999997,30.799999999999997,18,19853,4,4,4,2,4,0,Cleveland Cavaliers,2015-16,1
41.900000000000006,10.200000000000001,14.803559288142372,0.5452443511297741,30.33203359328134,0.04650569886022801,4.5,5.4,12.8,17.1,16,20004,4,1,4,4,3,0,Dallas Mavericks,2015-16,0
33.599999999999994,6.6,14.478517397881998,0.5300661119515886,24.72259203227433,-0.6905799293998993,4.800000000000001,6.500000000000001,13.0,18.5,19,19830,4,4,5,2,4,0,Denver Nuggets,2015-16,0
43.300000000000004,10.7,14.576966800804827,0.523288430583501,24.98264587525151,0.11406941649899406,4.8,6.1,14.3,19.700000000000003,17,19880,4,3,3,4,3,0,Detroit Pistons,2015-16,0
67.8,21.7,17.39811880690106,0.585543785523867,27.409084050098084,2.35802022031085,14.8,17.3,29.0,37.0,16,19881,2,4,2,3,5,0,Golden State Warriors,2015-16,0
42.0,10.299999999999999,15.411531286240104,0.5479053597539454,27.84475369333939,0.05635556900115972,8.5,9.7,19.9,25.299999999999997,18,19833,3,3,3,6,3,0,Houston Rockets,2015-16,0
46.3,11.8,14.791433601609658,0.5363972334004025,26.88209255533199,0.3668108651911469,6.6000000000000005,8.100000000000001,15.399999999999999,21.599999999999998,16,19880,4,1,5,3,3,0,Indiana Pacers,2015-16,0
52.599999999999994,14.799999999999999,15.794302137958855,0.5534445845098831,29.6983158531666,0.9495159338442921,9.2,11.399999999999999,24.2,30.9,18,19832,2,4,4,5,3,0,Los Angeles Clippers,2015-16,0
17.400000000000002,-0.7999999999999998,13.246568677141408,0.5110616320324378,26.508667004561584,-2.153046122655854,2.5,2.7,8.8,11.0,15,19730,2,3,3,4,3,0,Los Angeles Lakers,2015-16,0
35.7,7.300000000000001,14.710802360179533,0.5253085884310859,30.534772303192295,-0.5252155933229109,3.9000000000000004,5.1000000000000005,9.6,13.3,28,19829,9,5,5,5,4,0,Memphis Grizzlies,2015-16,0
47.7,11.899999999999999,15.54507816439738,0.5428514372163389,28.3709026727181,0.307912254160363,6.0,8.2,16.700000000000003,23.1,19,19830,4,4,3,4,4,0,Miami Heat,2015-16,0
31.7,5.1000000000000005,14.792138174483107,0.5318542612203732,23.54135148764498,-0.9527281896116996,5.3,7.199999999999999,14.6,20.7,17,19830,4,5,1,4,3,0,Milwaukee Bucks,2015-16,0
34.1,6.0,15.004069007142142,0.5456689467860376,24.612815612111458,-0.7646816215672467,5.0,6.5,14.200000000000001,20.0,16,19882,3,2,4,4,3,0,Minnesota Timberwolves,2015-16,0
31.1,6.1000000000000005,14.607973102785781,0.5373250417109056,26.563071944992164,-0.7994893573992617,5.1,6.0,11.1,14.5,21,19779,6,5,5,1,4,0,New Orleans Pelicans,2015-16,0
35.0,6.6,14.388270046455263,0.0052737199555645325,27.197889315289842,-0.6783882044031508,4.9,5.9,12.2,16.6,16,19804,3,3,4,4,2,0,New York Knicks,2015-16,0
60.49999999999999,18.2,16.782182661758032,0.5572833728377629,25.833425790508848,1.6416511170507844,14.6,16.0,28.5,36.6,17,19829,3,4,2,5,3,0,Oklahoma City Thunder,2015-16,0
37.2,7.9,14.818847641533129,0.533170643492239,23.89671974682273,-0.3890390314964585,4.3,5.699999999999999,11.100000000000001,16.3,17,19907,5,2,2,5,3,0,Orlando Magic,2015-16,0
16.0,-1.4,12.839291123901848,0.5184498636776735,23.347470463495913,-2.3090124204786426,1.4,1.9,5.1,7.199999999999999,18,19806,5,3,3,4,3,0,Philadelphia 76ers,2015-16,0
24.5,2.099999999999999,13.13340776452677,0.5270087287490485,26.012534889621925,-1.527916772392794,2.8,3.4,7.6,11.1,23,19705,7,5,3,6,2,0,Phoenix Suns,2015-16,0
44.3,11.3,15.13193820366537,0.5470201443933963,24.34714999747564,0.25206745090119653,6.6,8.5,15.899999999999999,22.0,16,19807,3,5,2,4,2,0,Portland Trail Blazers,2015-16,0
34.9,7.2,14.917731105164837,0.5474993184227798,26.620386731963446,-0.5279396173070126,4.9,6.1000000000000005,10.9,15.5,15,19807,3,3,3,3,3,0,Sacramento Kings,2015-16,0
69.1,22.099999999999998,17.09466686964023,0.5579052113462222,30.310803267874363,2.443938701984066,9.2,11.2,23.799999999999997,29.599999999999998,17,19707,4,4,3,3,3,0,San Antonio Spurs,2015-16,0
54.5,15.100000000000001,16.140719955508366,0.5507173770160271,26.294554830881236,1.007998382122453,8.9,10.3,21.5,28.4,16,19779,2,3,3,4,4,0,Toronto Raptors,2015-16,0
47.4,12.4,14.820034074964923,0.540144066947284,24.23867508518741,0.5006063339346561,5.9,7.9,16.0,22.4,17,19956,4,3,4,3,3,0,Utah Jazz,2015-16,0
39.7,9.7,14.682039989875982,0.5469715008858517,27.298202986585675,-0.06931915970640347,5.7,7.2,13.0,18.6,19,19755,2,4,4,5,4,0,Washington Wizards,2015-16,0
39.4,8.8,14.059088622874961,0.5412323206920833,27.900814807363446,-0.293184790262549,4.3,5.699999999999999,14.700000000000001,19.5,20,19882,3,4,5,5,3,0,Atlanta Hawks,2016-17,0
48.0,12.799999999999999,15.233304647160068,0.5609126252910803,25.85380176166852,0.5383061658398297,8.6,10.299999999999999,19.2,25.5,15,19754,3,3,3,3,3,0,Boston Celtics,2016-17,0
25.6,2.4,13.33481826465526,0.5474233066720665,26.000303735952212,-1.55645945125038,3.3,3.9,8.0,10.8,21,19754,5,4,4,6,2,0,Brooklyn Nets,2016-17,0
43.0,10.2,14.981459197087673,0.5273173222772778,26.926736778238446,0.02169582364243083,8.7,9.799999999999999,18.1,21.900000000000002,18,19778,4,5,3,3,3,0,Chicago Bulls,2016-17,0
42.599999999999994,10.3,15.236552524080894,0.5476482424731455,26.544606384588235,0.03897826415855563,6.1,7.199999999999999,13.899999999999999,19.5,19,19829,4,5,1,4,5,0,Charlotte Hornets,2016-17,0
49.6,13.4,15.88437704340828,0.5750814848347668,29.187012725718024,0.6796338212363565,10.1,12.0,21.8,29.1,21,19881,3,5,5,2,6,0,Cleveland Cavaliers,2016-17,0
34.9,6.8999999999999995,14.109388270980789,0.5422504550050556,27.645348837209298,-0.6009706774519717,2.7,3.7,9.2,13.799999999999999,24,19780,8,4,1,6,5,0,Dallas Mavericks,2016-17,0
42.0,10.700000000000001,15.795449483701155,0.567416025511237,25.236940676250253,0.13862624012958077,6.699999999999999,7.8999999999999995,16.5,21.1,19,19756,2,4,4,4,5,0,Denver Nuggets,2016-17,0
38.29999999999999,8.4,14.493557507825908,0.5193410582651722,25.36448550944158,-0.3388417651216803,4.1,5.199999999999999,13.5,18.0,15,19806,3,3,3,3,3,0,Detroit Pistons,2016-17,0
67.89999999999999,22.0,17.51423154701719,0.5881751769464104,28.159150657229524,2.4658088978766433,11.600000000000001,15.900000000000002,24.6,32.8,17,19780,3,3,2,3,6,0,Golden State Warriors,2016-17,1
55.199999999999996,16.5,16.11235529043021,0.5765332389666853,27.442192002426573,1.3220868510186543,10.1,11.7,21.0,26.9,18,19781,4,3,4,3,4,0,Houston Rockets,2016-17,0
40.7,9.5,15.230979602115337,0.5544124401913875,27.00604381767817,-0.0773507932510702,6.199999999999999,8.2,16.1,23.200000000000003,16,19855,4,2,3,5,2,0,Indiana Pacers,2016-17,0
51.70000000000001,15.300000000000002,15.985724410246027,0.5740742634403159,30.042371165333602,1.0073250987141844,8.7,12.2,22.4,30.099999999999998,15,19754,2,3,4,3,3,0,Los Angeles Clippers,2016-17,0
25.099999999999998,2.6999999999999993,14.089140363341112,0.5338046280320713,25.056936973510606,-1.4601339693494366,3.8,4.5,8.4,11.9,18,19706,4,4,4,3,3,0,Los Angeles Lakers,2016-17,0
42.9,11.3,14.349686008540568,0.534662748053253,29.47741773423763,0.23780457171564942,9.7,11.0,17.7,23.5,17,19905,4,3,4,4,2,0,Memphis Grizzlies,2016-17,0
44.599999999999994,10.9,14.838879619798778,0.5381554679205217,26.454775266697002,0.1909853885434046,5.4,7.6000000000000005,17.0,22.8,15,19779,2,4,2,4,3,0,Miami Heat,2016-17,0
41.3,9.700000000000001,15.352672025886042,0.562354669093483,25.610142069872083,-0.061954598311340286,8.4,9.6,18.0,22.1,19,19779,2,4,3,6,4,0,Milwaukee Bucks,2016-17,0
39.4,9.3,15.580136329209795,0.5468739207270892,23.962130775056806,-0.15844988639232516,7.0,8.3,18.799999999999997,24.499999999999996,16,19805,4,3,2,4,3,0,Minnesota Timberwolves,2016-17,0
36.300000000000004,7.9,14.551507083291472,0.5354369034461971,25.709534813624032,-0.3980558625540037,7.2,8.3,14.8,17.8,26,19906,5,7,5,5,4,0,New Orleans Pelicans,2016-17,0
33.0,5.699999999999999,14.719876089256033,0.5314304639097367,27.25245554827986,-0.8496096307862792,3.0,4.2,9.2,13.399999999999999,16,19853,3,4,2,3,4,0,New York Knicks,2016-17,0
44.1,11.3,14.699469857618904,0.5320345349893971,24.650106028476223,0.23651923659497082,10.700000000000001,11.8,19.6,25.400000000000002,19,19806,4,3,3,7,2,0,Oklahoma City Thunder,2016-17,0
25.200000000000003,2.2999999999999994,13.629098712446353,0.5229451148699824,25.310527644534204,-1.5634082302448875,3.5999999999999996,4.8,8.4,12.2,19,19805,3,5,5,2,4,0,Orlando Magic,2016-17,0
27.4,3.0000000000000004,13.300826988049014,0.53689082749231,24.621249558771616,-1.3505773788512934,2.4000000000000004,3.3000000000000003,7.6,10.7,21,19831,4,3,3,5,6,0,Philadelphia 76ers,2016-17,0
28.999999999999993,4.6000000000000005,14.081411064602351,0.5421509909728175,25.028291895708307,-1.1277623682485247,3.9000000000000004,4.6000000000000005,9.399999999999999,13.499999999999998,18,19829,3,5,4,3,3,0,Phoenix Suns,2016-17,0
41.2,9.799999999999999,15.156479855501479,0.5544512568360844,24.824293813657118,-0.04874316391550845,7.6,9.4,18.0,22.6,15,19931,2,4,3,4,2,0,Portland Trail Blazers,2016-17,0
31.000000000000004,5.900000000000001,14.322711267605634,0.5554026659959759,27.871428571428574,-0.7755684104627764,5.4,6.0,9.9,13.100000000000001,19,19880,4,5,3,3,4,0,Sacramento Kings,2016-17,0
60.3,18.4,16.221873264327193,0.5626518555920222,29.566119666750822,1.6293461247159806,9.6,11.299999999999999,20.8,27.200000000000003,16,19805,4,4,2,3,3,0,San Antonio Spurs,2016-17,0
54.00000000000001,14.399999999999999,16.209645619533898,0.5619172943733887,26.090389767959152,0.877806986502199,7.8999999999999995,9.1,19.1,27.0,17,19781,4,2,4,4,3,0,Toronto Raptors,2016-17,0
52.699999999999996,15.1,15.344766146993317,0.5643442498481475,26.79211378821624,0.9885806843490584,8.9,11.2,24.700000000000003,30.6,15,19756,4,2,3,4,2,0,Utah Jazz,2016-17,0
46.800000000000004,11.799999999999999,15.645288815027447,0.562823286498464,26.01379866042202,0.3653270886840913,8.3,11.8,18.200000000000003,26.700000000000003,18,19857,3,5,3,3,4,0,Washington Wizards,2016-17,0
28.199999999999996,3.8999999999999995,13.699324975891997,0.5512898543369031,25.43551743389331,-1.2324214586611177,2.0,2.8,9.100000000000001,11.700000000000001,22,19703,4,6,6,3,3,0,Atlanta Hawks,2017-18,0
50.900000000000006,13.8,14.649737453296982,0.5449594062405332,24.684641017873368,0.7625668989195193,8.2,10.299999999999999,16.7,23.799999999999997,20,19806,5,4,4,3,4,0,Boston Celtics,2017-18,0
32.8,5.999999999999999,13.951455479452056,0.5547682312651088,25.055902497985493,-0.7854603142626914,2.7,3.7,9.9,14.0,22,19856,4,6,4,4,4,0,Brooklyn Nets,2017-18,0
24.1,1.6999999999999995,13.532765914585012,0.5284271253021756,24.37323730862208,-1.6142375100725224,2.2,3.1,6.8,10.1,21,19856,5,6,3,4,3,0,Chicago Bulls,2017-18,0
42.4,9.9,15.19333198523836,0.5484275314695921,26.58126485010869,-0.01027248369647646,6.0,7.5,15.399999999999999,20.4,17,19781,3,6,1,3,4,0,Charlotte Hornets,2017-18,0
43.99999999999999,11.0,15.873347861341983,0.5799464828704642,30.580377052503543,0.18380295965943633,10.399999999999999,11.299999999999999,20.4,24.299999999999997,22,19732,5,6,3,2,6,0,Cleveland Cavaliers,2017-18,0
33.7,7.1000000000000005,14.151779853572332,0.5486481696541278,27.656147437515777,-0.6076041403685938,3.6,4.9,11.399999999999999,15.2,23,19805,3,5,4,6,5,0,Dallas Mavericks,2017-18,0
45.800000000000004,11.999999999999998,15.970326961770624,0.567788782696177,25.138028169014085,0.3831338028169015,7.6,9.299999999999999,16.9,22.4,18,19880,4,3,3,6,2,0,Denver Nuggets,2017-18,0
41.6,9.9,14.604670537742994,0.5464653875284019,25.93749053269376,-0.039000252461499685,4.9,6.2,15.600000000000001,20.0,22,19805,5,5,3,6,3,0,Detroit Pistons,2017-18,0
56.89999999999999,16.599999999999998,17.047564498960917,0.5913192761924071,28.76668863094936,1.3035582137969488,9.5,12.3,19.5,25.6,17,19729,3,3,3,2,6,0,Golden State Warriors,2017-18,1
63.3,19.1,16.528807896735003,0.5821949886104784,29.757630979498863,1.8987395596051633,11.9,14.7,25.6,35.8,24,19755,5,7,3,4,5,0,Houston Rockets,2017-18,0
45.3,11.3,15.659236571660005,0.5532099934187211,26.188730825697363,0.28472637067787165,7.4,8.8,15.799999999999999,21.299999999999997,19,19753,4,3,3,5,4,0,Indiana Pacers,2017-18,0
40.8,10.5,15.355087024915006,0.5611872938549755,26.999999999999996,0.044466433247069545,4.9,6.6000000000000005,16.1,21.6,21,19707,3,7,3,4,4,0,Los Angeles Clippers,2017-18,0
38.0,8.4,14.296588968150306,0.5467024515221541,23.715613382899626,-0.3203355772129007,2.8,4.1,11.899999999999999,15.7,24,19906,5,5,5,2,7,0,Los Angeles Lakers,2017-18,0
25.5,3.1000000000000005,13.420403917389761,0.5396230780940783,26.002029735626937,-1.3981021971888161,5.300000000000001,5.800000000000001,8.2,10.899999999999999,24,19707,7,4,4,7,2,0,Memphis Grizzlies,2017-18,0
43.70000000000001,10.4,14.60980480706508,0.5510745647047016,26.47438406342516,0.09610617692809476,3.7,5.4,10.9,16.2,19,19929,3,5,3,5,3,0,Miami Heat,2017-18,0
42.5,9.6,15.695522162271194,0.5627596187786799,25.892138570924313,-0.08314759719630882,8.4,9.9,18.8,24.5,24,19831,5,8,1,5,5,0,Milwaukee Bucks,2017-18,0
47.900000000000006,12.7,16.64168139358748,0.005678647311285029,27.134107548598834,0.5824488765463267,9.4,10.8,22.9,30.099999999999998,16,19805,4,3,3,2,4,0,Minnesota Timberwolves,2017-18,0
44.9,12.000000000000002,15.728996692392505,0.5662420066152148,27.59567004109452,0.3684323945073668,8.8,11.5,20.799999999999997,25.499999999999996,23,19954,5,6,5,4,3,0,New Orleans Pelicans,2017-18,0
31.400000000000006,6.300000000000001,14.455440701895926,0.5404669725695845,26.34409035901573,-0.7901674062121823,3.7,5.2,12.3,16.2,21,19832,5,4,3,4,5,0,New York Knicks,2017-18,0
51.1,13.999999999999998,15.651706923503601,0.5487391457818566,27.336896777772175,0.7969643487469115,9.7,11.7,19.799999999999997,28.699999999999996,17,19831,3,5,2,5,2,0,Oklahoma City Thunder,2017-18,0
29.099999999999998,4.000000000000001,14.018960973137352,0.5433539280283831,25.563760770400403,-1.1845108971109986,3.1,4.1,7.699999999999999,11.0,19,19730,3,6,3,3,4,0,Orlando Magic,2017-18,0
53.699999999999996,15.200000000000001,15.28632526161468,0.5669521763308225,25.806025984530606,0.9995955715080127,7.1,9.399999999999999,15.799999999999999,22.4,23,19781,5,7,3,4,4,0,Philadelphia 76ers,2017-18,0
18.900000000000002,-0.30000000000000004,13.095442318428667,0.5371289651322133,23.659188955996544,-2.048419022483886,2.2,2.9000000000000004,7.9,10.600000000000001,22,19703,7,4,3,5,3,0,Phoenix Suns,2017-18,0
47.800000000000004,13.1,15.074388700450564,0.5472240672302942,25.647648458462008,0.603893079532223,8.7,10.0,19.2,24.2,16,19753,3,2,3,3,5,0,Portland Trail Blazers,2017-18,0
22.7,1.6999999999999997,13.667537332320933,0.5297065046823589,26.406783092887878,-1.667157681599595,2.5,3.1,7.8,10.7,18,19755,3,4,5,3,3,0,Sacramento Kings,2017-18,0
48.5,13.3,15.349883426254435,0.5415660922453117,29.29391789153573,0.6628231120121642,6.2,8.6,17.1,23.1,17,19730,4,5,2,2,4,0,San Antonio Spurs,2017-18,0
60.599999999999994,18.299999999999997,16.4306237708638,0.0057871141142655435,25.84836871564722,1.70285411729111,7.7,9.6,19.799999999999997,27.4,18,19831,4,3,6,2,3,0,Toronto Raptors,2017-18,0
52.7,15.200000000000001,15.270653439287338,0.00569060484891431,26.69059067672217,1.0169914460697471,5.3,7.5,16.1,23.700000000000003,21,19757,5,4,6,2,4,0,Utah Jazz,2017-18,0
43.400000000000006,10.600000000000001,15.027405952560809,0.5618385959611221,26.882509946114723,0.09469204814423127,6.5,8.3,15.0,20.0,15,19857,3,3,3,3,3,0,Washington Wizards,2017-18,0
27.799999999999997,3.4000000000000004,13.978320656827684,0.005530862841887877,25.083765677731325,-1.3503097768599202,2.3,3.1999999999999997,10.0,13.3,22,19853,3,6,3,4,6,0,Atlanta Hawks,2018-19,0
52.1,14.699999999999998,15.884258416742494,0.5675752704478819,25.689212415327066,0.94059245778991,8.7,10.2,16.6,21.900000000000002,17,19782,3,4,1,4,5,0,Boston Celtics,2018-19,0
41.99999999999999,9.700000000000001,14.176311311311313,0.5621396396396395,25.421871871871872,-0.09669669669669678,5.3,6.699999999999999,13.3,18.8,19,19980,3,6,4,3,3,0,Brooklyn Nets,2018-19,0
21.5,0.3000000000000002,13.599452371382636,0.5404043910771705,24.040142684887456,-1.925874196141479,2.2,2.8000000000000003,6.5,9.2,22,19904,5,7,4,3,3,0,Chicago Bulls,2018-19,0
38.5,8.700000000000001,15.209091825929102,0.5564588775150018,26.624880238011194,-0.2717664263022539,6.2,7.2,12.7,16.599999999999998,17,19831,5,4,2,2,4,0,Charlotte Hornets,2018-19,0
19.499999999999996,-1.0999999999999999,13.718042828937378,0.5410189338328356,25.174403888017007,-2.217906140839366,2.8,3.4,7.5,9.5,27,19753,7,6,6,4,4,0,Cleveland Cavaliers,2018-19,0
38.800000000000004,8.900000000000002,14.265785349577879,0.5626169051109651,26.918810980233562,-0.17984429503058488,5.5,6.9,12.8,17.700000000000003,21,19781,5,5,3,5,3,0,Dallas Mavericks,2018-19,0
50.6,14.900000000000002,15.737585525315492,0.5598411636511074,24.876488774010443,0.9990218437990978,8.8,10.600000000000001,18.0,24.1,18,19731,3,5,2,5,3,0,Denver Nuggets,2018-19,0
42.300000000000004,9.3,14.147846889952154,0.5369455049106019,26.86265424326366,-0.12940317300428103,7.4,8.8,18.0,23.0,20,19855,4,7,3,4,2,0,Detroit Pistons,2018-19,0
56.8,17.0,16.828704872506943,0.5879089623832366,28.43191113355213,1.3812370613481442,10.2,12.0,21.2,27.2,17,19805,3,3,3,3,5,0,Golden State Warriors,2018-19,0
53.29999999999999,16.0,15.958256441284727,0.5724185952705089,29.2286593051984,1.185660263197701,12.100000000000001,14.900000000000002,26.0,32.6,23,19833,5,4,4,7,3,0,Houston Rockets,2018-19,0
48.0,13.2,15.337858411570666,0.5594540471961431,26.96452676985537,0.6335295610251205,4.8,7.0,14.5,21.3,17,19705,4,4,2,3,4,0,Indiana Pacers,2018-19,0
43.3,11.300000000000002,15.194412506303577,0.5668035300050429,27.167322239031773,0.24061018658598077,6.199999999999999,8.299999999999999,16.9,22.0,22,19830,4,6,2,5,5,0,Los Angeles Clippers,2018-19,0
35.70000000000001,8.500000000000002,14.38977301450887,0.5504539709822557,26.19296294423942,-0.27158384308174494,6.300000000000001,7.1000000000000005,13.100000000000001,17.1,22,19781,5,5,4,3,5,0,Los Angeles Lakers,2018-19,0
35.79999999999999,7.3999999999999995,14.11934510336502,0.5443907751119157,27.654091846486594,-0.4641466727025803,6.199999999999999,7.1,11.9,15.2,28,19881,5,8,7,4,4,0,Memphis Grizzlies,2018-19,0
40.599999999999994,9.700000000000001,14.274063561255005,0.5450649804855796,26.996553297176746,-0.01899234629226011,3.6,5.1,13.1,18.7,18,19729,2,5,3,5,3,0,Miami Heat,2018-19,0
62.5,18.3,16.358845239900905,0.5762904595783406,26.910511148187474,1.717296122149755,10.3,12.700000000000001,22.6,29.3,24,19779,6,5,3,6,4,0,Milwaukee Bucks,2018-19,0
37.50000000000001,9.1,15.412809521408038,0.547557012456503,26.18220787735136,-0.19096777447173327,6.3,7.1,15.5,18.8,21,19829,5,5,6,3,2,0,Minnesota Timberwolves,2018-19,0
37.199999999999996,8.899999999999999,15.327065195383682,0.554616167240332,25.686221907268678,-0.20336606600526413,8.4,10.4,15.6,21.0,20,19756,4,4,5,4,3,0,New Orleans Pelicans,2018-19,0
20.8,-0.09999999999999992,13.307547646731711,0.5342909357464232,23.370962034275312,-2.027713462413427,2.4000000000000004,3.2,9.5,12.7,23,19781,5,8,1,5,4,0,New York Knicks,2018-19,0
49.900000000000006,14.0,15.1893774554246,0.5484497834189583,25.69844867532991,0.787619623249723,11.3,13.4,21.0,28.3,18,19854,4,4,4,3,3,0,Oklahoma City Thunder,2018-19,0
43.3,10.0,14.823236766267252,0.5484068456443703,25.65377420496486,0.007447292583042551,7.2,8.7,17.0,22.1,17,19779,5,4,1,4,3,0,Orlando Magic,2018-19,0
48.800000000000004,12.299999999999999,15.589870733185217,0.5704224904059786,26.418602302565144,0.4686225005049485,7.6,10.0,16.9,23.5,26,19804,3,6,6,6,5,0,Philadelphia 76ers,2018-19,0
19.5,0.2999999999999998,13.750917869536789,0.5456504048684807,24.027058291002362,-1.9292913544233767,2.9,3.7,10.1,13.6,24,19883,5,5,5,6,3,0,Phoenix Suns,2018-19,0
51.7,15.200000000000003,16.007594299239567,0.5672530090144533,26.170065971697642,1.0372966711990736,8.8,10.600000000000001,19.9,25.7,18,19857,3,6,2,3,4,0,Portland Trail Blazers,2018-19,0
39.00000000000001,9.100000000000001,15.123809041151429,0.5521578653963106,24.766470707480238,-0.18994019866207176,5.0,6.8,12.600000000000001,18.200000000000003,20,19732,3,5,5,5,2,0,Sacramento Kings,2018-19,0
46.2,12.4,15.925321888412018,0.5769744004039384,28.760666498359,0.43823276950265094,4.800000000000001,6.4,15.600000000000001,20.700000000000003,16,19805,2,4,1,6,3,0,San Antonio Spurs,2018-19,0
56.20000000000001,16.1,16.008028976758226,0.5767598853003321,27.308833886708925,1.2088691015192676,7.5,9.9,18.8,25.4,22,19878,6,5,4,3,4,0,Toronto Raptors,2018-19,1
53.699999999999996,15.600000000000001,15.342682865097444,0.5790788154897494,27.27709440647937,1.1410680840293597,7.199999999999999,9.399999999999999,22.3,28.3,18,19755,3,5,3,3,4,0,Utah Jazz,2018-19,0
34.5,6.1000000000000005,15.15276941601445,0.0056569416014449125,26.53346377684126,-0.7271523178807947,5.2,6.0,13.2,17.9,25,19932,4,5,6,6,4,0,Washington Wizards,2018-19,0
18.9,0.9999999999999999,13.649751182650364,0.5473022670025189,24.10229157707194,-1.706291085580881,4.8,5.2,10.8,13.600000000000001,21,16277,3,6,4,4,4,0,Atlanta Hawks,2019-20,0
49.400000000000006,14.499999999999998,15.943916011703287,0.5682837473466811,25.26166026045551,1.3156617520509437,6.3,8.3,13.4,19.3,17,17431,3,5,1,3,5,0,Boston Celtics,2019-20,0
35.7,7.3,14.110967446650267,0.5610110990331255,26.329309457062763,-0.29803764517420905,3.9,5.5,13.399999999999999,18.2,24,17479,4,6,5,4,5,0,Brooklyn Nets,2019-20,0
27.599999999999998,4.3,14.106251196019647,0.5496350704854246,24.35325636282452,-0.9026982203227658,3.0,3.5,7.5,10.8,17,15677,3,2,6,2,4,0,Chicago Bulls,2019-20,0
20.6,1.5999999999999999,13.479662200774655,0.5373841513746905,24.344212330941648,-1.5854022477617624,2.2,2.7,7.0,10.0,16,15749,3,2,5,3,3,0,Charlotte Hornets,2019-20,0
18.099999999999998,0.6000000000000001,13.80572936538217,0.5496911484166349,24.96547119420069,-1.8053987027851965,3.2,4.0,7.699999999999999,10.799999999999999,21,15726,2,7,3,4,5,0,Cleveland Cavaliers,2019-20,0
48.3,14.200000000000001,16.306921214788737,0.5830411531690141,26.149537852112676,1.1310024207746476,7.2,8.7,14.0,18.9,19,18176,5,4,2,4,4,0,Dallas Mavericks,2019-20,0
41.800000000000004,11.299999999999999,15.857715284039678,0.5646644499549144,25.601330027051397,0.5271246618575294,7.0,8.5,14.200000000000001,18.5,21,17744,2,5,5,6,3,0,Denver Nuggets,2019-20,0
26.100000000000005,4.000000000000001,14.348596842896518,0.5620894512653469,25.863129541468304,-0.9713417689802055,3.0999999999999996,4.3999999999999995,9.1,12.2,22,15964,7,4,3,5,3,0,Detroit Pistons,2019-20,0
17.1,0.6,13.600928516916815,0.5380168532180106,24.43226914271178,-1.855895446451285,2.0,2.7,5.9,8.100000000000001,22,15724,5,5,4,4,4,0,Golden State Warriors,2019-20,0
42.5,11.8,15.407985731545939,0.5753106840803177,29.166848857948334,0.6729647316034746,9.1,10.2,18.0,22.2,21,17381,1,4,3,5,8,0,Houston Rockets,2019-20,0
40.6,10.6,15.278115777525539,0.5640312712826333,25.599091940976162,0.37110669693530085,4.6,6.199999999999999,14.0,18.2,17,17620,3,4,3,5,2,0,Indiana Pacers,2019-20,0
49.099999999999994,15.499999999999998,15.671823935558114,0.5732063866513234,27.41772151898734,1.479591484464902,7.6,9.8,15.7,22.299999999999997,20,17380,4,4,3,5,4,0,Los Angeles Clippers,2019-20,0
47.7,14.8,15.983135350225291,0.5721681783603487,29.470126982269296,1.4354145941833936,11.5,12.6,20.9,26.299999999999997,20,17089,4,8,0,5,3,0,Los Angeles Lakers,2019-20,1
35.00000000000001,7.999999999999999,14.930447404371586,0.5603504667577413,24.062443078324225,-0.18121584699453533,3.7,4.9,12.0,15.8,21,17568,3,5,4,4,5,0,Memphis Grizzlies,2019-20,0
44.3,11.8,15.425998985515417,0.5924254072028405,25.93202953277349,0.6115425801724624,7.0,8.3,17.5,22.8,21,17743,4,4,3,6,4,0,Miami Heat,2019-20,0
57.0,17.800000000000004,15.9123273657289,0.5772705314009663,29.181585677749364,1.959920431940892,9.5,11.4,19.0,24.5,17,17595,3,3,4,4,3,0,Milwaukee Bucks,2019-20,0
24.6,4.3999999999999995,14.307231936230394,0.5472800848547185,24.78445615839548,-0.8584726150681409,3.5999999999999996,4.3,7.3999999999999995,9.6,24,15556,4,5,5,4,6,0,Minnesota Timberwolves,2019-20,0
33.6,8.100000000000001,14.735276232000459,0.5657201537490677,25.3785210257587,-0.13883885032413512,4.2,5.5,9.3,13.4,17,17431,3,4,2,4,4,0,New Orleans Pelicans,2019-20,0
21.0,1.6999999999999997,13.901334419245709,0.5355951008645533,24.54147349956146,-1.5071356972810424,2.7,3.6,9.7,12.399999999999999,17,15962,4,5,4,2,2,0,New York Knicks,2019-20,0
40.900000000000006,11.100000000000001,15.320265075448965,0.567687245395605,25.473349016007806,0.518297091055138,5.9,8.100000000000001,15.4,21.7,18,17429,3,1,6,4,4,0,Oklahoma City Thunder,2019-20,0
35.39999999999999,7.800000000000001,14.973550002845922,0.5423222721839605,26.080539586772154,-0.2655984973532927,4.7,5.800000000000001,11.0,14.7,19,17569,3,4,4,5,3,0,Orlando Magic,2019-20,0
43.3,11.4,15.547885642832783,0.563986358986018,26.343242014323064,0.5554336705695122,5.3,7.5,13.100000000000001,19.1,19,17594,3,6,3,2,5,0,Philadelphia 76ers,2019-20,0
38.7,9.4,15.103938842787313,0.5748501193588723,24.632829373650104,0.12404797089917025,4.1,5.6,12.4,17.2,19,17594,5,4,2,3,5,0,Phoenix Suns,2019-20,0
35.5,8.4,15.690345368916798,0.5660962659789189,27.457838080287058,-0.11530051581071986,8.5,10.1,20.1,24.200000000000003,19,17836,1,2,4,8,4,0,Portland Trail Blazers,2019-20,0
32.99999999999999,7.2,14.67257103574702,0.5653748281393217,27.033111824014668,-0.3735964711274061,3.5999999999999996,5.199999999999999,10.2,14.799999999999999,23,17456,3,4,3,6,7,0,Sacramento Kings,2019-20,0
34.300000000000004,8.2,15.9114609352309,0.5710161487075225,27.608597153645075,-0.10625617194307284,3.8,5.199999999999999,11.8,16.0,18,17215,2,5,3,3,5,0,San Antonio Spurs,2019-20,0
49.6,14.6,15.321903227662391,0.5727762499280824,26.577872389390713,1.3562913526264313,5.1,7.1,13.3,19.0,18,17381,2,4,5,3,4,0,Toronto Raptors,2019-20,0
41.4,11.200000000000001,15.023142972396704,0.5899692848498819,27.337405635913097,0.5885437676482453,5.6,7.1,16.1,20.900000000000002,20,17353,4,5,3,5,3,0,Utah Jazz,2019-20,0
27.1,3.4,14.754151541342555,0.5618599250936331,25.104292711034283,-1.1861077499279749,3.7,4.800000000000001,9.0,12.5,23,17355,5,5,4,5,4,0,Washington Wizards,2019-20,0
41.9,10.9,15.734675936566308,0.5777523557802804,25.402838427947597,0.47290278096989197,5.2,7.2,15.399999999999999,22.099999999999998,18,17404,5,4,2,4,3,0,Atlanta Hawks,2020-21,0
39.49999999999999,10.1,15.308549073754458,0.5737876538948339,25.115061557933494,0.3225750776665516,5.699999999999999,7.699999999999999,11.8,16.6,21,17382,4,4,4,3,6,0,Boston Celtics,2020-21,0
46.5,13.200000000000001,16.506480523957258,0.6109134206595427,28.1878662530162,1.0047225094794898,6.800000000000001,9.5,13.4,18.6,27,17406,5,6,2,8,6,0,Brooklyn Nets,2020-21,0
35.0,7.699999999999999,14.520212888377444,0.5709095512082855,25.57203682393556,-0.26753164556962017,5.300000000000001,6.700000000000001,11.0,14.1,22,17380,3,6,3,4,6,0,Chicago Bulls,2020-21,0
31.900000000000002,6.699999999999999,14.51400172860847,0.5628460962258716,24.63301642178047,-0.46605589167386924,3.6,5.0,9.4,12.9,17,17355,4,3,4,3,3,0,Charlotte Hornets,2020-21,0
20.1,0.1000000000000002,13.34312847879727,0.5421949847937109,24.018763986916856,-1.9582831238882195,2.1,2.8,8.5,10.5,25,17427,5,5,2,6,7,0,Cleveland Cavaliers,2020-21,0
41.8,11.200000000000001,15.494782156477523,0.5830630995030626,26.315959782734314,0.5410088986478677,6.5,7.7,12.8,17.200000000000003,19,17306,4,5,2,4,4,0,Dallas Mavericks,2020-21,0
47.0,14.1,16.39650437668059,0.5789862120258596,26.082384575776647,1.1750901081297556,11.3,13.0,22.5,27.1,22,17479,3,6,3,7,3,0,Denver Nuggets,2020-21,0
27.400000000000002,3.9999999999999996,13.65950659781985,0.5593356282271944,24.504704532415378,-1.0690590935169246,3.0,4.2,9.1,12.399999999999999,21,17430,7,4,5,2,3,0,Detroit Pistons,2020-21,0
36.3,9.9,14.444004622941348,0.5779336030049119,26.710026004045073,0.26755273042473265,7.699999999999999,8.7,13.6,17.5,18,17305,5,3,2,5,3,0,Golden State Warriors,2020-21,0
20.199999999999996,1.1999999999999995,13.377940241576605,0.5521662717447842,26.54603247991677,-1.6909379876322024,2.3,2.8,7.0,9.8,30,17303,3,11,8,4,4,0,Houston Rockets,2020-21,0
35.9,9.100000000000001,15.35798762319505,0.5771729314691726,26.538734815493928,0.034156543662617486,5.3,6.8,11.7,15.899999999999999,20,17452,4,6,4,3,3,0,Indiana Pacers,2020-21,0
50.29999999999999,15.000000000000002,16.27630345466119,0.6018427174353337,28.810311903246337,1.391157919101904,7.1,9.0,15.700000000000001,21.0,20,17281,4,5,3,4,4,0,Los Angeles Clippers,2020-21,0
41.99999999999999,11.6,14.504525664527954,0.5663095210815766,28.20846700274977,0.6340742438130155,5.8,7.8,12.899999999999999,17.099999999999998,19,17456,3,5,2,5,4,0,Los Angeles Lakers,2020-21,0
39.099999999999994,9.600000000000001,15.49001378993335,0.5638149850609055,24.238393472764884,0.20444150769937944,4.7,6.0,13.399999999999999,17.599999999999998,18,17404,4,3,3,4,4,0,Memphis Grizzlies,2020-21,0
37.400000000000006,8.9,14.66500402715453,0.5766486595328502,27.36934760096652,0.030399263606029382,8.0,8.6,18.1,21.8,21,17382,3,3,6,4,5,0,Miami Heat,2020-21,0
48.0,14.099999999999998,16.551191369064792,0.586546991288294,28.05711648300929,1.1887151675993768,8.2,10.1,16.799999999999997,23.199999999999996,22,17333,4,5,7,4,2,0,Milwaukee Bucks,2020-21,1
25.599999999999998,3.6999999999999997,14.252933065211145,0.5509834530307383,23.156334386670498,-1.1353002010916402,3.9,4.5,8.600000000000001,11.700000000000001,16,17405,4,5,1,3,3,0,Minnesota Timberwolves,2020-21,0
36.099999999999994,8.8,15.426532017443197,0.5634680973146661,24.7840830846913,0.013845535919210485,6.2,7.800000000000001,14.0,18.0,21,17428,3,4,6,4,4,0,New Orleans Pelicans,2020-21,0
42.4,10.9,14.582547332185886,0.569924842226047,25.61944922547332,0.49286861732644865,5.2,6.300000000000001,13.0,17.6,19,17430,6,4,3,2,4,0,New York Knicks,2020-21,0
15.1,-1.3000000000000007,12.538347640721323,0.538996139885925,22.835570663133034,-2.3318315377081285,2.9000000000000004,3.3000000000000003,6.3,8.9,22,17357,3,5,5,5,4,0,Oklahoma City Thunder,2020-21,0
17.8,-0.6999999999999998,13.166374336487422,0.5235458689129934,25.562543272559427,-2.120251557812139,3.7,4.2,6.0,8.0,28,17332,7,6,4,6,5,0,Orlando Magic,2020-21,0
48.400000000000006,13.3,15.789327518935046,0.5710524443424375,27.127955014918527,1.0446006426440215,6.699999999999999,9.0,15.9,21.9,23,17428,3,9,2,5,4,0,Philadelphia 76ers,2020-21,0
49.3,14.4,16.32337528604119,0.5989369565217391,26.607265446224257,1.2955778032036613,6.7,8.4,17.6,25.6,17,17480,3,4,3,3,4,0,Phoenix Suns,2020-21,0
39.8,10.6,16.124173601479427,0.5710264100785946,27.449029126213592,0.4172214516874712,7.4,8.6,17.9,22.599999999999998,17,17304,1,3,5,5,3,0,Portland Trail Blazers,2020-21,0
28.5,5.6,15.309529588534444,0.5807416204345817,25.56050624133148,-0.7479426722145169,3.5,4.7,10.6,14.8,24,17304,5,4,4,6,5,0,Sacramento Kings,2020-21,0
32.7,7.300000000000001,14.96266590389016,0.5568905034324942,26.15257437070938,-0.3230949656750573,4.1,5.3999999999999995,13.100000000000001,16.400000000000002,18,17480,3,3,4,4,4,0,San Antonio Spurs,2020-21,0
34.800000000000004,8.600000000000001,14.800993989828939,0.00567212783171521,26.627484974572347,-0.05684812760055478,4.2,5.7,10.399999999999999,14.599999999999998,22,17304,2,6,6,4,4,0,Toronto Raptors,2020-21,0
56.300000000000004,17.7,16.15672389951602,0.6050319774141507,28.459322424521776,2.046018667895829,6.6,9.2,18.3,24.5,18,17356,3,4,4,4,3,0,Utah Jazz,2020-21,0
32.9,6.900000000000001,14.465791439241597,0.5693590922148807,26.64659580580293,-0.38789428325193914,6.3,6.8999999999999995,9.600000000000001,13.3,21,17405,4,3,4,3,7,0,Washington Wizards,2020-21,0
46.39999999999999,11.999999999999998,16.154958384084452,0.5797755278116119,26.141392610637432,0.39461023142509144,6.9,8.5,18.3,23.4,24,19704,4,6,8,3,3,0,Atlanta Hawks,2021-22,0
60.199999999999996,18.5,15.86956390675241,0.5858969051446945,26.055265273311896,1.6316268086816719,8.2,11.399999999999999,19.5,27.1,28,19904,3,7,7,5,6,0,Boston Celtics,2021-22,0
43.400000000000006,10.9,15.434598835737788,0.5698579093900278,29.111364211592004,0.20659073652239923,7.3,8.7,13.2,17.6,24,19755,5,5,5,4,5,0,Brooklyn Nets,2021-22,0
41.50000000000001,9.700000000000003,15.462929548910289,0.5793173846933604,26.274657881398884,-0.01952863659401929,5.7,7.5,14.600000000000001,19.1,22,19730,4,4,4,5,5,0,Chicago Bulls,2021-22,0
42.5,10.8,15.732246868869774,0.5753551129218851,25.521905336753687,0.15435843267441285,5.8,8.1,13.100000000000001,18.900000000000002,19,19881,3,3,5,2,6,0,Charlotte Hornets,2021-22,0
47.9,12.0,15.070113020120623,0.5726151740915312,24.722619228625007,0.44954133090061316,5.5,8.2,14.8,20.5,26,19731,7,4,6,3,6,0,Cleveland Cavaliers,2021-22,0
50.6,14.1,15.043237497469121,0.5752866470945535,26.722767766754405,0.7706772626037661,7.800000000000001,9.700000000000001,15.799999999999999,23.299999999999997,27,19756,7,6,4,6,4,0,Dallas Mavericks,2021-22,0
46.9,12.300000000000002,15.431823689790972,0.5845273654448148,27.68893264667273,0.4711148136928204,10.9,11.8,20.6,25.8,22,19806,3,8,2,7,2,0,Denver Nuggets,2021-22,0
23.599999999999998,1.9999999999999996,13.156930542917804,0.5326762713578,23.595642503285813,-1.6221666161156607,2.4,3.0999999999999996,7.4,9.9,27,19782,7,7,4,4,5,0,Detroit Pistons,2021-22,0
55.300000000000004,16.5,15.243993309002434,0.5796597222222222,27.561688969991888,1.3076490267639904,6.2,8.0,14.8,20.8,17,19728,3,6,4,2,2,0,Golden State Warriors,2021-22,1
21.400000000000002,0.6999999999999997,13.478818407330534,0.5654885333873336,24.060851516225384,-1.9131068698425557,2.3,2.6999999999999997,7.9,10.8,19,19753,3,7,3,2,4,0,Houston Rockets,2021-22,0
32.8,6.1,14.970727291016999,0.5641950507997183,26.028015290212252,-0.7557287999195252,4.0,5.1,8.8,11.8,28,19882,7,7,6,4,4,0,Indiana Pacers,2021-22,0
41.5,10.100000000000001,14.64314607877838,0.5739846791727765,27.52854325731911,0.0013551094705971955,3.6,5.2,12.7,18.2,23,19777,1,8,3,8,3,0,Los Angeles Clippers,2021-22,0
34.9,6.800000000000001,14.614425146403725,0.564154862605736,30.21892987637019,-0.5909755243005156,7.1,7.8999999999999995,12.0,15.6,25,19979,5,7,4,4,5,0,Los Angeles Lakers,2021-22,0
55.5,16.299999999999997,16.461025174400966,0.5524294813466787,23.973865129916085,1.251521585279547,6.6,8.6,14.0,20.7,23,19782,3,8,4,5,3,0,Memphis Grizzlies,2021-22,0
53.4,14.8,15.0162536516571,0.5840621033544877,28.164752694671094,0.9781152412612071,6.7,8.8,16.4,22.799999999999997,22,19854,4,6,4,4,4,0,Miami Heat,2021-22,0
49.9,14.0,15.790832700582133,0.5718902556314857,28.50159453302961,0.7526803340926347,10.3,12.200000000000001,19.8,25.3,29,19755,7,5,6,4,7,0,Milwaukee Bucks,2021-22,0
47.0,12.9,15.449648652747586,0.5703389110762853,24.167534502805722,0.5685657954602904,6.4,8.1,16.3,20.700000000000003,18,19781,4,4,2,5,3,0,Minnesota Timberwolves,2021-22,0
40.099999999999994,9.299999999999999,15.017226018729435,0.5562953682611997,25.63654770944065,-0.1849810174639332,4.1,5.6,12.399999999999999,17.0,22,19755,5,6,4,4,3,0,New Orleans Pelicans,2021-22,0
42.900000000000006,10.1,14.386404772738764,0.5646962434905708,26.04560392335305,0.03310076343596742,3.7,5.300000000000001,14.6,18.8,23,19779,5,7,5,3,3,0,New York Knicks,2021-22,0
23.2,1.1999999999999997,13.194900535191357,0.5290398869029587,22.443754417853178,-1.820609916187014,3.8000000000000003,4.4,7.5,9.6,26,19806,4,8,5,5,4,0,Oklahoma City Thunder,2021-22,0
22.500000000000007,1.3,12.782338371328919,0.5368775716524291,23.33857352272153,-1.743921548804529,2.9,3.8,9.5,13.5,22,19783,8,3,5,3,3,0,Orlando Magic,2021-22,0
48.5,12.9,15.66215219916174,0.5728523456042015,26.789324849770235,0.5810483260112101,8.3,9.600000000000001,19.3,24.9,23,19803,4,7,3,2,7,0,Philadelphia 76ers,2021-22,0
58.6,17.9,16.165980739989866,0.5798089204257475,27.52721743537759,1.5495387734414596,7.6,10.2,18.3,25.9,23,19730,4,4,6,5,4,0,Phoenix Suns,2021-22,0
21.800000000000004,-0.19999999999999957,13.737581103000814,0.5464245742092457,25.61668694241687,-2.0357968369829686,1.8,2.5,5.7,7.7,27,19728,4,9,7,3,4,0,Portland Trail Blazers,2021-22,0
28.200000000000003,3.8000000000000003,14.297374532969808,0.5655820458446935,25.771281429869735,-1.2019539533474703,3.4,4.1,10.0,13.3,26,19806,4,8,4,4,6,0,Sacramento Kings,2021-22,0
40.39999999999999,9.600000000000001,15.320342320508937,0.5581151671210745,24.506311218822574,-0.055543774613753316,6.1000000000000005,7.5,14.2,19.1,24,19806,3,7,6,4,4,0,San Antonio Spurs,2021-22,0
47.9,12.600000000000001,15.443223369428354,0.5404247292873332,24.776076555023923,0.4972853185595571,7.1,9.0,14.8,21.4,23,19855,6,2,6,6,3,0,Toronto Raptors,2021-22,0
56.7,16.4,16.150040551500403,0.5959041463909165,29.26647404703974,1.2767437145174374,7.2,9.9,18.9,25.599999999999998,24,19728,2,6,6,5,5,0,Utah Jazz,2021-22,0
33.49999999999999,6.1,14.8257060722211,0.57054483558604,25.944522896913455,-0.7399132539842648,3.2,4.2,11.1,13.899999999999999,29,19828,8,6,2,7,6,0,Washington Wizards,2021-22,0
42.9,10.100000000000001,15.735245530093176,0.5817765802064971,24.85842357088895,0.030561571392596378,5.5,7.3,14.3,21.0,20,19855,3,6,6,1,4,0,Atlanta Hawks,2022-23,0
57.199999999999996,17.799999999999997,15.817237237237238,0.6044686686686688,27.42992992992993,1.5345095095095094,7.699999999999999,10.2,17.9,24.2,18,19980,3,2,5,2,6,0,Boston Celtics,2022-23,0
43.199999999999996,11.3,15.302681467964312,0.5925656934306569,27.992852798053526,0.2786800486618004,6.1,8.3,14.899999999999999,19.2,25,19728,4,7,4,6,4,0,Brooklyn Nets,2022-23,0
46.2,11.600000000000001,15.269126808681673,0.5837740152733119,27.53793207395498,0.3322045819935693,5.9,8.5,16.8,23.9,18,19904,4,4,3,3,4,0,Chicago Bulls,2022-23,0
28.100000000000005,3.0,13.794015025462613,0.5556354056370696,25.307063984268645,-1.361049765542278,3.2,4.0,10.3,13.100000000000001,19,19833,3,4,6,2,4,0,Charlotte Hornets,2022-23,0
55.6,15.6,15.542330331538963,0.5887424661669266,25.392111485636665,1.1799567339135681,7.7,10.2,18.4,26.9,18,19877,3,4,4,4,3,0,Cleveland Cavaliers,2022-23,0
41.9,9.7,14.89981434091023,0.5977279341662903,27.792663957047512,-0.053269105323899654,8.2,9.5,15.299999999999999,20.099999999999998,23,19929,4,7,4,5,3,0,Dallas Mavericks,2022-23,0
49.3,13.4,15.988093550673279,0.5985443960716816,26.629239647666292,0.6785056191151159,10.9,12.700000000000001,21.7,26.799999999999997,18,19754,4,4,3,4,3,0,Denver Nuggets,2022-23,1
22.500000000000004,0.9999999999999998,13.385371642092506,0.005614819228438699,24.11679458695213,-1.8228034740456476,2.3,2.8,8.0,10.5,22,19804,3,6,6,2,5,0,Detroit Pistons,2022-23,0
45.5,12.000000000000002,14.799868878914722,0.6016352816581773,27.266427959049874,0.35184325987190473,6.7,8.3,16.5,21.2,18,19829,3,5,4,4,2,0,Golden State Warriors,2022-23,0
24.0,0.7999999999999998,13.863303634706895,0.5539961526779386,22.121595626202286,-1.8289966589045257,3.2,3.9000000000000004,10.100000000000001,13.000000000000002,18,19754,4,4,3,2,5,0,Houston Rockets,2022-23,0
33.6,6.800000000000001,14.757406844876469,0.578473926690968,24.532401782098013,-0.6445473876063185,6.800000000000001,8.700000000000001,13.0,17.4,20,19752,2,6,4,3,5,0,Indiana Pacers,2022-23,0
42.60000000000001,10.299999999999999,15.034259492713426,0.5913973576723313,29.715697645101102,0.11232413897433316,5.8,6.8,13.8,18.4,21,19831,5,5,4,3,4,0,Los Angeles Clippers,2022-23,0
42.3,11.200000000000001,15.045266123352448,0.5826110775731965,27.87810644934098,0.2040497031894556,8.0,9.2,14.6,20.0,24,19878,4,7,5,3,5,0,Los Angeles Lakers,2022-23,0
50.599999999999994,13.500000000000002,15.533845687127112,0.5701088077662048,24.362625139043384,0.7138740014157144,6.3,8.5,12.6,18.4,19,19778,4,4,3,5,3,0,Memphis Grizzlies,2022-23,0
41.8,9.8,14.4818085428658,0.5685938099565789,27.714127032212456,-0.07801171362213474,8.1,9.7,19.700000000000003,23.400000000000002,20,19806,3,3,3,5,6,0,Miami Heat,2022-23,0
50.60000000000001,13.700000000000001,15.201986788361657,0.5790505269527508,29.800615198426705,0.7559830568302152,8.2,10.7,16.6,23.3,21,19831,5,2,6,4,4,0,Milwaukee Bucks,2022-23,0
41.0,9.499999999999998,14.851003530005046,0.5941991427130612,25.750226928895614,-0.044649520927886925,4.300000000000001,5.700000000000001,12.899999999999999,17.299999999999997,20,19830,3,7,3,3,4,0,Minnesota Timberwolves,2022-23,0
46.099999999999994,11.999999999999998,15.04555298146656,0.580970588235294,25.857070910556,0.38923751007252205,4.199999999999999,6.1,13.399999999999999,18.299999999999997,17,19856,5,3,3,2,4,0,New Orleans Pelicans,2022-23,0
50.699999999999996,13.600000000000001,15.574115465570811,0.5875512178009421,24.53623333667435,0.7286859777488223,7.4,9.5,16.799999999999997,23.499999999999996,17,19954,4,5,3,2,3,0,New York Knicks,2022-23,0
44.30000000000001,10.200000000000001,15.09348745844666,0.5673559484234916,22.78870756522615,0.07333534804069713,7.5,8.8,17.0,21.0,19,19854,3,4,2,5,5,0,Oklahoma City Thunder,2022-23,0
36.699999999999996,7.400000000000001,14.198741152679474,0.5734394337714863,23.06789686552073,-0.5603690596562185,2.6,3.9000000000000004,10.0,13.7,20,19780,3,6,3,4,4,0,Orlando Magic,2022-23,0
53.5,15.1,15.87112027767996,0.5979381759645856,28.17028019518084,1.0226621057397252,10.4,12.1,20.700000000000003,26.6,21,19879,2,6,5,4,4,0,Philadelphia 76ers,2022-23,0
46.300000000000004,12.0,15.041030437860249,0.5680189098998887,28.122813226817673,0.42552836484983314,5.4,7.0,12.4,18.4,20,19778,3,6,3,4,4,0,Phoenix Suns,2022-23,0
32.8,5.7,14.673575917291707,0.5845482465031421,25.084228664098923,-0.852001824447598,5.9,6.7,13.4,17.5,24,19732,3,7,5,5,4,0,Portland Trail Blazers,2022-23,0
48.20000000000001,12.2,15.868860312657588,0.6072267776096824,25.406303580433686,0.43883509833585477,8.100000000000001,9.8,20.0,26.5,20,19830,3,4,4,5,4,0,Sacramento Kings,2022-23,0
18.799999999999994,-1.3,13.58050365147318,0.5551475698816419,23.933870561571393,-2.1894182825484765,1.6,2.2,6.3,9.0,23,19855,2,6,5,5,5,0,San Antonio Spurs,2022-23,0
45.300000000000004,11.700000000000001,15.680198919573888,0.5541475236027668,25.847730600292824,0.36274044529711713,6.3,7.9,14.3,19.3,20,19807,4,2,5,5,4,0,Toronto Raptors,2022-23,0
38.50000000000001,8.499999999999998,14.847058823529412,0.5901032062610453,26.47583943448624,-0.3146276192880587,5.4,6.6000000000000005,15.299999999999999,19.599999999999998,23,19805,4,6,3,6,4,0,Utah Jazz,2022-23,0
38.0,8.700000000000001,15.157239040194389,0.5876832034018427,26.208565353852382,-0.28189227498228214,5.1,6.699999999999999,13.8,18.0,23,19754,6,4,3,5,5,0,Washington Wizards,2022-23,0
37.800000000000004,7.6,15.213125157391085,0.5794968521782927,26.230873835305967,-0.4655502392344497,4.800000000000001,6.300000000000001,11.2,15.799999999999999,19,19855,3,6,6,1,3,0,Atlanta Hawks,2023-24,0
67.6,22.200000000000003,17.22815573150436,0.6122870038832015,28.20807907610066,2.4340763528165814,8.2,11.2,18.9,26.799999999999997,19,19829,3,3,5,4,4,0,Boston Celtics,2023-24,1
35.5,6.500000000000001,14.339779842456068,0.5617605534235508,26.101797616643097,-0.7131387598464954,2.9,3.9,10.9,14.2,21,19804,6,3,4,5,3,0,Brooklyn Nets,2023-24,0
40.199999999999996,8.1,15.108673239577598,0.5681772183574396,28.064811570992443,-0.39119163205044793,5.1,6.5,14.6,19.5,18,19981,2,6,5,3,2,0,Chicago Bulls,2023-24,0
18.699999999999996,-1.9,13.416819540870623,0.5615799929052856,25.082450717072923,-2.390062332133989,2.1,2.7,7.3,9.4,26,19733,7,5,5,5,4,0,Charlotte Hornets,2023-24,0
48.1,12.700000000000001,15.07312664108261,0.5866392647949908,26.19324378913351,0.4928044839426378,7.0,8.9,17.1,22.6,18,19804,2,4,3,6,3,0,Cleveland Cavaliers,2023-24,0
46.199999999999996,12.500000000000002,15.398112250076117,0.5964621435095911,26.470009134273827,0.46354409824418974,11.6,12.9,18.9,23.799999999999997,22,19706,3,6,3,6,4,0,Dallas Mavericks,2023-24,0
54.400000000000006,15.699999999999998,16.158979954326313,0.5853339253996447,27.060137021060644,1.1522253235219484,13.5,15.4,24.1,30.3,17,19705,3,4,4,3,3,0,Denver Nuggets,2023-24,0
21.600000000000005,-0.4000000000000002,13.19799028044953,0.5627614154095374,23.835020755290067,-2.071271641186595,2.1,2.5,6.9,8.700000000000001,31,19754,5,10,7,4,5,0,Detroit Pistons,2023-24,0
47.4,13.4,15.285374955872712,0.5842166523778304,28.378082606283726,0.6384235211054516,6.0,7.4,12.0,16.6,18,19829,4,5,2,5,2,0,Golden State Warriors,2023-24,0
44.6,11.0,14.624884142655652,0.5655004029820673,25.07384646383236,0.21215998388071738,7.1,8.4,15.3,20.9,17,19852,2,3,6,3,3,0,Houston Rockets,2023-24,0
47.400000000000006,13.200000000000001,16.396447602131442,0.6058305506216696,25.298147678254253,0.686602385181426,6.6,8.1,14.8,19.6,22,19705,4,4,5,5,4,0,Indiana Pacers,2023-24,0
50.3,13.700000000000001,16.05563619753337,0.5989262041313504,30.401563213723797,0.747662792468152,8.2,11.5,17.3,24.6,21,19703,3,4,5,5,4,0,Los Angeles Clippers,2023-24,0
43.3,11.6,15.542014605892723,0.5952000503651472,27.989020397884662,0.3248803827751196,10.3,12.100000000000001,20.3,26.200000000000003,21,19855,3,5,4,5,4,0,Los Angeles Lakers,2023-24,0
25.400000000000002,2.6,12.990969764384669,0.540195823642431,24.431894023662654,-1.485984427141268,3.0,3.7,6.1,8.899999999999999,33,19778,7,6,7,9,4,0,Memphis Grizzlies,2023-24,0
46.59999999999999,11.400000000000002,14.674312762618335,0.5769259859261885,27.961929833443023,0.2370829747380145,6.1,7.3999999999999995,16.3,20.3,21,19753,5,4,4,5,3,0,Miami Heat,2023-24,0
48.400000000000006,12.900000000000002,15.63946677438901,0.594200111088669,30.179610179761667,0.5569581902645931,9.9,11.700000000000001,20.9,26.799999999999997,21,19804,6,3,5,4,3,0,Milwaukee Bucks,2023-24,0
57.300000000000004,17.0,15.383433476394849,0.5943763191113356,27.161676344357485,1.3911184044433225,6.7,9.2,19.799999999999997,27.299999999999997,19,19805,4,4,6,3,2,0,Minnesota Timberwolves,2023-24,0
52.099999999999994,15.2,15.808526620311628,0.590357915038319,25.97228848398721,1.0137948535755976,6.1,8.0,14.6,20.9,20,19703,6,2,6,3,3,0,New Orleans Pelicans,2023-24,0
52.2,15.3,15.496948344907995,0.5749791656105845,26.396056166675113,1.0991838596846961,8.600000000000001,11.200000000000001,19.299999999999997,25.9,26,19727,4,9,5,4,4,0,New York Knicks,2023-24,0
59.09999999999999,18.099999999999994,16.60153014846985,0.6027530047469953,23.41874558125442,1.6258761741238257,10.399999999999999,12.799999999999999,23.5,30.8,22,19802,3,6,3,5,5,0,Oklahoma City Thunder,2023-24,0
47.5,11.7,14.601890894382933,0.5802294858182921,24.036200010111738,0.35977046362303455,4.199999999999999,5.699999999999999,12.0,17.3,18,19779,3,4,5,3,3,0,Orlando Magic,2023-24,0
48.900000000000006,12.6,15.624507028010921,0.571432854687026,28.379967640813025,0.5381029426635653,7.9,9.6,15.6,21.5,28,19778,7,6,4,7,4,0,Philadelphia 76ers,2023-24,0
49.5,13.6,15.753078867542973,0.6004553083923154,29.2633973710819,0.7347724974721943,7.4,9.4,17.5,24.4,22,19780,5,4,5,4,4,0,Phoenix Suns,2023-24,0
21.5,-2.7755575615628914e-17,12.77351476432416,0.5350693193822628,24.076764424769852,-1.963866391669601,2.1,3.0,6.8,9.5,22,19879,6,4,5,2,5,0,Portland Trail Blazers,2023-24,0
45.699999999999996,12.7,15.13540344514959,0.5840420066485343,26.37090762566737,0.5082955575702631,9.4,10.6,19.1,24.3,20,19854,3,5,5,3,4,0,Sacramento Kings,2023-24,0
27.200000000000003,3.5999999999999996,13.838204740292484,0.5650856278366112,23.00040342914776,-1.2944175491679273,4.9,5.800000000000001,8.600000000000001,12.200000000000001,20,19830,4,3,5,4,4,0,San Antonio Spurs,2023-24,0
26.900000000000006,2.8000000000000007,14.27150646203554,0.5643245153473342,25.94562802907916,-1.41750302907916,4.2,5.1000000000000005,8.1,11.1,30,19808,7,9,4,6,4,0,Toronto Raptors,2023-24,0
30.6,4.7,14.660088870935166,0.5816041203797213,25.05089880832155,-1.0581902645930117,4.6,5.8,11.7,16.1,21,19804,5,4,2,7,3,0,Utah Jazz,2023-24,0
20.7,-0.5999999999999996,13.726144254650515,0.5694407724669268,24.89528105834051,-2.0698869684221197,2.2,2.8000000000000003,8.9,12.100000000000001,24,19729,3,6,6,4,5,0,Washington Wizards,2023-24,0
